{
  "hash": "e46a90cb",
  "configHash": "d18457b3",
  "lockfileHash": "ad593093",
  "browserHash": "a5d4499e",
  "optimized": {
    "@angular/common": {
      "src": "../../../../../../node_modules/@angular/common/fesm2022/common.mjs",
      "file": "@angular_common.js",
      "fileHash": "7757ed42",
      "needsInterop": false
    },
    "@angular/common/http": {
      "src": "../../../../../../node_modules/@angular/common/fesm2022/http.mjs",
      "file": "@angular_common_http.js",
      "fileHash": "d9b5b4e5",
      "needsInterop": false
    },
    "@angular/core": {
      "src": "../../../../../../node_modules/@angular/core/fesm2022/core.mjs",
      "file": "@angular_core.js",
      "fileHash": "3baac2c3",
      "needsInterop": false
    },
    "@angular/forms": {
      "src": "../../../../../../node_modules/@angular/forms/fesm2022/forms.mjs",
      "file": "@angular_forms.js",
      "fileHash": "b7b4b81e",
      "needsInterop": false
    },
    "@angular/platform-browser": {
      "src": "../../../../../../node_modules/@angular/platform-browser/fesm2022/platform-browser.mjs",
      "file": "@angular_platform-browser.js",
      "fileHash": "fbce0bcd",
      "needsInterop": false
    },
    "@angular/router": {
      "src": "../../../../../../node_modules/@angular/router/fesm2022/router.mjs",
      "file": "@angular_router.js",
      "fileHash": "bf61bc69",
      "needsInterop": false
    },
    "@fullcalendar/angular": {
      "src": "../../../../../../node_modules/@fullcalendar/angular/fesm2020/fullcalendar-angular.mjs",
      "file": "@fullcalendar_angular.js",
      "fileHash": "c30fe16f",
      "needsInterop": false
    },
    "@fullcalendar/daygrid": {
      "src": "../../../../../../node_modules/@fullcalendar/daygrid/index.js",
      "file": "@fullcalendar_daygrid.js",
      "fileHash": "b503e5e3",
      "needsInterop": false
    },
    "@fullcalendar/interaction": {
      "src": "../../../../../../node_modules/@fullcalendar/interaction/index.js",
      "file": "@fullcalendar_interaction.js",
      "fileHash": "09948130",
      "needsInterop": false
    },
    "@fullcalendar/timegrid": {
      "src": "../../../../../../node_modules/@fullcalendar/timegrid/index.js",
      "file": "@fullcalendar_timegrid.js",
      "fileHash": "51f9535a",
      "needsInterop": false
    },
    "jspdf": {
      "src": "../../../../../../node_modules/jspdf/dist/jspdf.es.min.js",
      "file": "jspdf.js",
      "fileHash": "0083c2a7",
      "needsInterop": false
    },
    "rxjs": {
      "src": "../../../../../../node_modules/rxjs/dist/esm5/index.js",
      "file": "rxjs.js",
      "fileHash": "adde8972",
      "needsInterop": false
    },
    "rxjs/operators": {
      "src": "../../../../../../node_modules/rxjs/dist/esm5/operators/index.js",
      "file": "rxjs_operators.js",
      "fileHash": "2e754cda",
      "needsInterop": false
    },
    "sweetalert2": {
      "src": "../../../../../../node_modules/sweetalert2/dist/sweetalert2.esm.all.js",
      "file": "sweetalert2.js",
      "fileHash": "4bbeacf7",
      "needsInterop": false
    }
  },
  "chunks": {
    "index.es-5BBSDLYC": {
      "file": "index__es-5BBSDLYC.js"
    },
    "chunk-WUUVWCMF": {
      "file": "chunk-WUUVWCMF.js"
    },
    "html2canvas.esm-ZNF64ISW": {
      "file": "html2canvas__esm-ZNF64ISW.js"
    },
    "purify.es-64WHFMY6": {
      "file": "purify__es-64WHFMY6.js"
    },
    "chunk-RXFCF3JN": {
      "file": "chunk-RXFCF3JN.js"
    },
    "chunk-6NNM7BAI": {
      "file": "chunk-6NNM7BAI.js"
    },
    "chunk-NZCFLFNS": {
      "file": "chunk-NZCFLFNS.js"
    },
    "chunk-7BLI7KBP": {
      "file": "chunk-7BLI7KBP.js"
    },
    "chunk-C3RLSBDP": {
      "file": "chunk-C3RLSBDP.js"
    },
    "chunk-KWBX7L4D": {
      "file": "chunk-KWBX7L4D.js"
    },
    "chunk-OEOH75ZL": {
      "file": "chunk-OEOH75ZL.js"
    },
    "chunk-WPM5VTLQ": {
      "file": "chunk-WPM5VTLQ.js"
    },
    "chunk-PEBH6BBU": {
      "file": "chunk-PEBH6BBU.js"
    },
    "chunk-4S3KYZTJ": {
      "file": "chunk-4S3KYZTJ.js"
    },
    "chunk-TXDUYLVM": {
      "file": "chunk-TXDUYLVM.js"
    }
  }
}